<?xml version="1.0" encoding="UTF-8"?>
<project-private xmlns="http://www.netbeans.org/ns/project-private/1">
    <editor-bookmarks xmlns="http://www.netbeans.org/ns/editor-bookmarks/2" lastBookmarkId="0"/>
    <open-files xmlns="http://www.netbeans.org/ns/projectui-open-files/2">
        <group>
            <file>file:/home/ewerson/Downloads/poo2-master/Padroes_de_Projeto/Criação/fabrica_abstrata/FabricaAbstrataTemaInterface/src/fabrica/abstrata/botoes/ButtonCancel.java</file>
            <file>file:/home/ewerson/Downloads/poo2-master/Padroes_de_Projeto/Criação/fabrica_abstrata/FabricaAbstrataTemaInterface/src/fabrica/abstrata/botoes/FabricaPadrao.java</file>
            <file>file:/home/ewerson/Downloads/poo2-master/Padroes_de_Projeto/Criação/fabrica_abstrata/FabricaAbstrataTemaInterface/src/fabrica/abstrata/botoes/EditorTexto.java</file>
            <file>file:/home/ewerson/Downloads/poo2-master/Padroes_de_Projeto/Criação/fabrica_abstrata/FabricaAbstrataTemaInterface/src/fabrica/abstrata/botoes/TelaInicial.java</file>
            <file>file:/home/ewerson/Downloads/poo2-master/Padroes_de_Projeto/Criação/fabrica_abstrata/FabricaAbstrataTemaInterface/src/fabrica/abstrata/botoes/FabricaAbstrataBotoes.java</file>
            <file>file:/home/ewerson/Downloads/poo2-master/Padroes_de_Projeto/Criação/fabrica_abstrata/FabricaAbstrataTemaInterface/src/fabrica/abstrata/botoes/FabricaBotoesIcones.java</file>
            <file>file:/home/ewerson/Downloads/poo2-master/Padroes_de_Projeto/Criação/fabrica_abstrata/FabricaAbstrataTemaInterface/src/fabrica/abstrata/botoes/ButtonOK.java</file>
        </group>
    </open-files>
</project-private>
