<?xml version="1.0" encoding="UTF-8"?>
<project-private xmlns="http://www.netbeans.org/ns/project-private/1">
    <editor-bookmarks xmlns="http://www.netbeans.org/ns/editor-bookmarks/2" lastBookmarkId="0"/>
    <open-files xmlns="http://www.netbeans.org/ns/projectui-open-files/2">
        <group>
            <file>file:/home/ewerson/Downloads/poo2-master/Padroes_de_Projeto/Criação/fabrica_abstrata/FabricaAbstrataTelefonia/src/fabrica/abstrata/Main.java</file>
            <file>file:/home/ewerson/Downloads/poo2-master/Padroes_de_Projeto/Criação/fabrica_abstrata/FabricaAbstrataTelefonia/src/fabrica/abstrata/FabricaClaro.java</file>
            <file>file:/home/ewerson/Downloads/poo2-master/Padroes_de_Projeto/Criação/fabrica_abstrata/FabricaAbstrataTelefonia/src/fabrica/abstrata/EnvioSMSClaro.java</file>
            <file>file:/home/ewerson/Downloads/poo2-master/Padroes_de_Projeto/Criação/fabrica_abstrata/FabricaAbstrataTelefonia/src/fabrica/abstrata/CobrancaClaro.java</file>
        </group>
    </open-files>
</project-private>
